"universe","contrast","diff","lo","hi","p_boot","p_holm"
"banks","anchor:EW - CAP",0.102811700927452,-0.140317840004255,0.342384287313416,0.433783108445777,1
"banks","anchor:ERC - CAP",0.0908270054164279,-0.130934592469133,0.296291863510612,0.444777611194403,1
"banks","anchor:SHR - CAP",0.0642885054198388,-0.0545260292372312,0.187039548490656,0.31384307846077,1
"banks","anchor:ERC - EW",-0.0119846955110238,-0.0709547711994619,0.0380625463188289,0.764617691154423,1
"banks","anchor:SHR - EW",-0.0385231955076129,-0.158935100021724,0.086620155746301,0.582708645677161,1
"banks","anchor:SHR - ERC",-0.0265384999965891,-0.1283660013506,0.0787991410933648,0.658670664667666,1
"banks","view:MOM - NONE",-0.000781918649472635,-0.038089563967727,0.0435380915752988,0.930534732633683,1
"banks","view:LOWVOL - NONE",0.0432437998546291,-0.0262999521147007,0.112558816371144,0.214892553723138,1
"banks","view:COMP - NONE",0.00644380406457901,-0.0656497763257623,0.074417087333693,0.858570714642679,1
"banks","view:CLUSTER - NONE",-0.00924025694699104,-0.0885319870195808,0.0573466735427024,0.79160419790105,1
"banks","view:LOWVOL - MOM",0.0440257185041018,-0.0409544341571856,0.125604504735569,0.307846076961519,1
"banks","view:COMP - MOM",0.00722572271405164,-0.0646057260698799,0.0706364002952514,0.80759620189905,1
"banks","view:CLUSTER - MOM",-0.00845833829751841,-0.0878045703097605,0.0523365805854014,0.854572713643178,1
"banks","view:COMP - LOWVOL",-0.0367999957900501,-0.112596092763193,0.0330187876111062,0.300849575212394,1
"banks","view:CLUSTER - LOWVOL",-0.0524840568016202,-0.143634387143812,0.027722951773373,0.24087956021989,1
"banks","view:CLUSTER - COMP",-0.01568406101157,-0.0691862517904704,0.0405907812582024,0.604697651174413,1
"banks","cov:LW - SAMPLE",-0.0020724552896938,-0.0111096563093866,0.00502401585525867,0.548725637181409,1
"banks","cap:nocap - capped",0.00527301352900267,-0.00876199771477805,0.0221665002246621,0.550724637681159,1
