"sample","component","share","lo","hi"
"banks P1","anchor",0.859085287630437,0.0523533943073038,0.986013908814727
"banks P1","view",0.0928167789823176,0.00613974919378866,0.799409432107341
"banks P1","cov",1.20597074987198e-05,7.57296158603872e-07,0.00565117817222994
"banks P1","cap",0.00391788461781929,5.93562119702771e-06,0.0871145403320107
"banks P1","twoway",0.0404231468783027,0.0036738842153079,0.321458654247343
"banks P2","anchor",0.416578399830857,0.0259622553167172,0.934354408005393
"banks P2","view",0.388130347612685,0.034734413109747,0.876019919370379
"banks P2","cov",0.0107108330041288,4.33802463182546e-06,0.0339482809049082
"banks P2","cap",0.000822539248908878,1.24946101399665e-06,0.00836399217616577
"banks P2","twoway",0.171518207762722,0.0124729695555925,0.319761577617691
