"group","measure","mean_pct","t_twoway","n"
"Ceiling: rule-based","gap_mkt",2.24352400405996,9.72412519774645,3199
"Ceiling: rule-based","intraday_mkt",-0.535439976910961,-3.47828633141767,3199
"Ceiling: rule-based","cc1_mkt",1.664295765992,4.80707692513168,3199
"Ceiling: rule-based","f5o_mkt",-0.748601966332952,-2.74717796905845,3193
"Ceiling: rule-based","gap_ctrl",2.69679418262781,20.1726852431462,3100
"Ceiling: rule-based","intraday_ctrl",-0.49605167022954,-6.00310453379303,3100
"Ceiling: rule-based","cc1_ctrl",2.16231932851394,18.0026930912948,3100
"Ceiling: rule-based","f5o_ctrl",-0.526921853244031,-1.81747502801522,3099
"Ceiling: rule-based","gap_ew",2.37842082319093,10.9316475869462,3199
"Ceiling: rule-based","intraday_ew",-0.478125758272226,-5.26504514802332,3199
"Ceiling: rule-based","cc1_ew",1.86871020651366,10.8850608810301,3199
"Ceiling: rule-based","cc1_beta",1.91324886677768,8.46909972890756,309
"Ceiling: exact tick-rule hit","gap_mkt",2.77140391538833,13.5091597204075,1648
"Ceiling: exact tick-rule hit","intraday_mkt",-0.734812766799572,-5.31028732341258,1648
"Ceiling: exact tick-rule hit","cc1_mkt",1.98437763468441,6.96479234015337,1648
"Ceiling: exact tick-rule hit","f5o_mkt",-1.01083694211923,-2.95092904420457,1643
"Ceiling: exact tick-rule hit","gap_ctrl",3.18793661789452,21.4742116366366,1583
"Ceiling: exact tick-rule hit","intraday_ctrl",-0.740779830138619,-7.50080617339219,1583
"Ceiling: exact tick-rule hit","cc1_ctrl",2.40075729559178,16.3444057868469,1583
"Ceiling: exact tick-rule hit","f5o_ctrl",-0.884069640450043,-2.3275768992321,1582
"Ceiling: exact tick-rule hit","gap_ew",2.9030964779793,14.8509206318652,1648
"Ceiling: exact tick-rule hit","intraday_ew",-0.743588335788283,-7.24655233386511,1648
"Ceiling: exact tick-rule hit","cc1_ew",2.11864574090697,12.4508377377714,1648
"Ceiling: exact tick-rule hit","cc1_beta",2.37998191960681,6.83440280163563,156
"Ceiling: near-hit (rule-based, not exact)","gap_mkt",1.67190212498763,6.36694590146562,1557
"Ceiling: near-hit (rule-based, not exact)","intraday_mkt",-0.323496347421588,-1.6123611987619,1557
"Ceiling: near-hit (rule-based, not exact)","cc1_mkt",1.31355684855366,3.12895587583398,1557
"Ceiling: near-hit (rule-based, not exact)","f5o_mkt",-0.464450441204065,-1.26598420734355,1556
"Ceiling: near-hit (rule-based, not exact)","gap_ctrl",2.17397881637185,13.2141333748137,1523
"Ceiling: near-hit (rule-based, not exact)","intraday_ctrl",-0.241287597449739,-2.36691051888362,1523
"Ceiling: near-hit (rule-based, not exact)","cc1_ctrl",1.90258889422812,13.1332125526676,1523
"Ceiling: near-hit (rule-based, not exact)","f5o_ctrl",-0.148939012389281,-0.467720194288491,1523
"Ceiling: near-hit (rule-based, not exact)","gap_ew",1.81055104559789,7.33965731405159,1557
"Ceiling: near-hit (rule-based, not exact)","intraday_ew",-0.196201973144573,-1.89596591681422,1557
"Ceiling: near-hit (rule-based, not exact)","cc1_ew",1.59262620453455,7.80978140407087,1557
"Ceiling: near-hit (rule-based, not exact)","cc1_beta",1.41822987191434,6.71690982299109,154
"Ceiling: locked all day","gap_mkt",2.91155124214246,2.99769242524617,522
"Ceiling: locked all day","intraday_mkt",-1.29529499397812,-5.86218488357648,522
"Ceiling: locked all day","cc1_mkt",1.54381973504867,1.36968198660007,522
"Ceiling: locked all day","f5o_mkt",-0.760048250609417,-1.52274981231289,520
"Ceiling: locked all day","gap_ctrl",4.39189269324565,12.1820577786944,505
"Ceiling: locked all day","intraday_ctrl",-0.808289980181365,-3.10468192222278,505
"Ceiling: locked all day","cc1_ctrl",3.52227651082744,18.3340081754053,505
"Ceiling: locked all day","f5o_ctrl",0.571745025931219,0.792502698399349,504
"Ceiling: locked all day","gap_ew",3.10371924577615,3.34189450905377,522
"Ceiling: locked all day","intraday_ew",-0.571384992971945,-1.68061978874748,522
"Ceiling: locked all day","cc1_ew",2.48680256045276,4.27879633429828,522
"Ceiling: locked all day","cc1_beta",2.05948206796873,2.52466157221654,25
"Ceiling: first day of streak (rule-based)","gap_mkt",1.83292128294123,8.22686966264323,2483
"Ceiling: first day of streak (rule-based)","intraday_mkt",-0.376244756474637,-1.85571836416527,2483
"Ceiling: first day of streak (rule-based)","cc1_mkt",1.42220173739704,3.55045372475279,2483
"Ceiling: first day of streak (rule-based)","f5o_mkt",-0.714010006487678,-2.71430849756263,2477
"Ceiling: first day of streak (rule-based)","gap_ctrl",2.36534647901383,15.5364774700484,2406
"Ceiling: first day of streak (rule-based)","intraday_ctrl",-0.310221500797478,-3.74400345963742,2406
"Ceiling: first day of streak (rule-based)","cc1_ctrl",2.02556534432208,14.4610646705967,2406
"Ceiling: first day of streak (rule-based)","f5o_ctrl",-0.411087491441503,-1.57541262581698,2405
"Ceiling: first day of streak (rule-based)","gap_ew",1.9751418749399,9.52157577831696,2483
"Ceiling: first day of streak (rule-based)","intraday_ew",-0.280779745403854,-3.25563033355875,2483
"Ceiling: first day of streak (rule-based)","cc1_ew",1.67317975438777,9.37371380163582,2483
"Ceiling: first day of streak (rule-based)","cc1_beta",1.87943563635338,8.454600165939,244
"Ceiling: first day of streak (exact)","gap_mkt",2.37766810623095,12.2037047635043,1281
"Ceiling: first day of streak (exact)","intraday_mkt",-0.551016076171249,-3.10362769426368,1281
"Ceiling: first day of streak (exact)","cc1_mkt",1.78593638151207,5.43529003125311,1281
"Ceiling: first day of streak (exact)","f5o_mkt",-0.847314425527869,-3.00121618490131,1277
"Ceiling: first day of streak (exact)","gap_ctrl",2.85723056606645,19.345492573096,1233
"Ceiling: first day of streak (exact)","intraday_ctrl",-0.533228030837925,-4.94399388925645,1233
"Ceiling: first day of streak (exact)","cc1_ctrl",2.28831274771139,14.7383651733941,1233
"Ceiling: first day of streak (exact)","f5o_ctrl",-0.705968531921103,-2.09281946121599,1232
"Ceiling: first day of streak (exact)","gap_ew",2.51446143563365,13.6738278261891,1281
"Ceiling: first day of streak (exact)","intraday_ew",-0.534663014727149,-4.84884917254488,1281
"Ceiling: first day of streak (exact)","cc1_ew",1.95115789704684,11.1033407467089,1281
"Ceiling: first day of streak (exact)","cc1_beta",2.14806563687157,5.95484745217656,118
"Floor: rule-based","gap_mkt",-0.97218712225701,-4.64823397031275,2111
"Floor: rule-based","intraday_mkt",0.303970628041851,1.38685363181829,2111
"Floor: rule-based","cc1_mkt",-0.691673933185324,-4.78389642008165,2111
"Floor: rule-based","f5o_mkt",-0.8161578684289,-1.73611720591045,2108
"Floor: rule-based","gap_ctrl",-1.75421939969192,-3.99592806936774,2047
"Floor: rule-based","intraday_ctrl",0.136016057081201,0.602214109997849,2047
"Floor: rule-based","cc1_ctrl",-1.65076179856849,-3.3656898068392,2047
"Floor: rule-based","f5o_ctrl",-0.357876243377856,-0.558110042719445,2047
"Floor: rule-based","gap_ew",-1.07787367763867,-5.63029154003805,2111
"Floor: rule-based","intraday_ew",0.348816420143693,2.5739303107431,2111
"Floor: rule-based","cc1_ew",-0.755400571297155,-4.97031140081009,2111
"Floor: rule-based","cc1_beta",-0.764530694599871,-1.34140871936947,57
"Floor: exact tick-rule hit","gap_mkt",-1.29252795002077,-5.04601830822998,1028
"Floor: exact tick-rule hit","intraday_mkt",0.405009661989215,1.72373542191587,1028
"Floor: exact tick-rule hit","cc1_mkt",-0.924065587058566,-5.65493587824465,1028
"Floor: exact tick-rule hit","f5o_mkt",-0.962641434298881,-1.83755372772341,1027
"Floor: exact tick-rule hit","gap_ctrl",-1.93049299629307,-4.84789891392605,984
"Floor: exact tick-rule hit","intraday_ctrl",0.231168423026911,0.93736964231274,984
"Floor: exact tick-rule hit","cc1_ctrl",-1.74353024849018,-4.11224590843804,984
"Floor: exact tick-rule hit","f5o_ctrl",-0.493946190327483,-0.814169173069941,984
"Floor: exact tick-rule hit","gap_ew",-1.33755852575264,-6.27291897875421,1028
"Floor: exact tick-rule hit","intraday_ew",0.424874234148377,2.34976686846634,1028
"Floor: exact tick-rule hit","cc1_ew",-0.949728693636822,-5.38865223510201,1028
"Floor: exact tick-rule hit","cc1_beta",-0.740517280538807,-0.760026908316819,30
"Floor: near-hit (rule-based, not exact)","gap_mkt",-0.660900606373206,-3.68985774487223,1086
"Floor: near-hit (rule-based, not exact)","intraday_mkt",0.203505478736876,0.882160933739842,1086
"Floor: near-hit (rule-based, not exact)","cc1_mkt",-0.468509645471267,-2.85806793137072,1086
"Floor: near-hit (rule-based, not exact)","f5o_mkt",-0.662590853116104,-1.3855372284106,1084
"Floor: near-hit (rule-based, not exact)","gap_ctrl",-1.58021762471447,-3.16817790860682,1066
"Floor: near-hit (rule-based, not exact)","intraday_ctrl",0.0431494948878426,0.181737864122991,1066
"Floor: near-hit (rule-based, not exact)","cc1_ctrl",-1.55888735325021,-2.73646438254475,1066
"Floor: near-hit (rule-based, not exact)","f5o_ctrl",-0.216706187391613,-0.305095311989155,1066
"Floor: near-hit (rule-based, not exact)","gap_ew",-0.822987415425702,-3.76054438086725,1086
"Floor: near-hit (rule-based, not exact)","intraday_ew",0.271301327382116,1.950916784671,1086
"Floor: near-hit (rule-based, not exact)","cc1_ew",-0.567926546785696,-3.27815020050875,1086
"Floor: near-hit (rule-based, not exact)","cc1_beta",-0.616782384125768,-1.14213403862171,28
"Floor: locked all day","gap_mkt",-2.49696414384774,-4.76547624767779,260
"Floor: locked all day","intraday_mkt",1.10660357060692,2.36197634091058,260
"Floor: locked all day","cc1_mkt",-1.44177805369084,-3.44450867409215,260
"Floor: locked all day","f5o_mkt",-3.91151611332901,-3.03429118263516,260
"Floor: locked all day","gap_ctrl",-2.93095123103847,-5.45714164890714,246
"Floor: locked all day","intraday_ctrl",0.793378360780404,1.28569591857015,246
"Floor: locked all day","cc1_ctrl",-2.1791078562049,-2.69722271842401,246
"Floor: locked all day","f5o_ctrl",-2.51558972906273,-2.76507795214318,246
"Floor: locked all day","gap_ew",-2.65826795587517,-5.1101539036498,260
"Floor: locked all day","intraday_ew",0.975947601667705,2.33207296354826,260
"Floor: locked all day","cc1_ew",-1.72562762162154,-3.80273931956986,260
"Floor: locked all day","cc1_beta",NA,NA,11
"Floor: first day of streak (rule-based)","gap_mkt",-0.728481387173972,-3.82873476770447,1629
"Floor: first day of streak (rule-based)","intraday_mkt",0.146677385391009,0.590789191274655,1629
"Floor: first day of streak (rule-based)","cc1_mkt",-0.598716434250308,-3.15224185339905,1629
"Floor: first day of streak (rule-based)","f5o_mkt",-0.345570709316549,-0.686089797092829,1626
"Floor: first day of streak (rule-based)","gap_ctrl",-1.54056630588114,-3.20774222645197,1585
"Floor: first day of streak (rule-based)","intraday_ctrl",0.0166239453435404,0.0880013401227919,1585
"Floor: first day of streak (rule-based)","cc1_ctrl",-1.55460678397422,-3.65991747802819,1585
"Floor: first day of streak (rule-based)","f5o_ctrl",-0.276129152568104,-0.364428496713789,1585
"Floor: first day of streak (rule-based)","gap_ew",-0.806347779658287,-5.03427260694512,1629
"Floor: first day of streak (rule-based)","intraday_ew",0.23946032788329,1.71020021504966,1629
"Floor: first day of streak (rule-based)","cc1_ew",-0.590115400250445,-4.14195795499687,1629
"Floor: first day of streak (rule-based)","cc1_beta",-0.297351782217427,-0.684375853356546,47
"Floor: first day of streak (exact)","gap_mkt",-1.03683088521561,-4.67553967206276,830
"Floor: first day of streak (exact)","intraday_mkt",0.207927240443224,0.845291174149282,830
"Floor: first day of streak (exact)","cc1_mkt",-0.854357402785947,-5.01478828064717,830
"Floor: first day of streak (exact)","f5o_mkt",-0.665978206058392,-1.16411281440975,829
"Floor: first day of streak (exact)","gap_ctrl",-1.72291536906545,-4.17105552686845,801
"Floor: first day of streak (exact)","intraday_ctrl",0.0734895871330925,0.318809049798722,801
"Floor: first day of streak (exact)","cc1_ctrl",-1.68715719740612,-4.41439502508617,801
"Floor: first day of streak (exact)","f5o_ctrl",-0.618510616159553,-0.947395065744288,801
"Floor: first day of streak (exact)","gap_ew",-1.05777450857863,-6.5941061462228,830
"Floor: first day of streak (exact)","intraday_ew",0.262100038890572,1.53567038911546,830
"Floor: first day of streak (exact)","cc1_ew",-0.823925826699666,-4.81038273639214,830
"Floor: first day of streak (exact)","cc1_beta",-0.296417721941229,-0.337603037288314,26
