"characteristic","t_lag2","t_lag4","t_lag8","t_iid","se_pct","mde80_pct_per_week"
"REV1W",0.410101156947345,0.413425943084211,0.459779841452534,0.403240565417003,0.0829681397442498,0.2323107912839
"REV1M",0.842121503297654,0.924143750103181,1.07722956257871,0.839890813384085,0.080589688731845,0.225651128449166
"MOM3M",1.38991467162028,1.4520418502267,1.74417590382323,1.54774494061624,0.0846189280649141,0.236932998581759
"MOM6M",1.08704221397606,1.11558495614281,1.3132332550157,1.18169806435192,0.084379345353871,0.236262166990839
"IMOM",1.39088689451365,1.44777180796119,1.7167643705569,1.54754560361056,0.0848549603689635,0.237593889033098
"VOL",-0.087371359017072,-0.088584417967912,-0.0862572085761988,-0.0791823190439697,0.0699003961306462,0.195721109165809
"IVOL",-0.517849434464305,-0.540660661623897,-0.623145359782987,-0.442363285488278,0.0513668444720456,0.143827164521728
"BETA",-0.18080248051334,-0.184338388978144,-0.1759939645962,-0.195405300856487,0.110325232469847,0.308910650915573
"DOWNVOL",-0.816342935684553,-0.841928587693219,-0.847682296103394,-0.766354162733521,0.0733733916097419,0.205445496507277
"RANGEVOL",-0.508999744357428,-0.507704899998209,-0.498527656454171,-0.503209466234424,0.0726799676732997,0.203503909485239
"MAX",-0.0173118223493157,-0.0187324773875935,-0.0196868286139579,-0.0153064855769499,0.05334818987125,0.1493749316395
"MIN",0.754156129695233,0.859695159871328,1.03727230186296,0.673214231501859,0.0559413418797269,0.156635757263235
"SKEW",-0.0341833295337803,-0.0322387334142747,-0.0303260282478988,-0.037319258750215,0.0437787900707514,0.122580612198104
"KURT",0.196614236919846,0.199366629309774,0.208883119093745,0.190166434242753,0.0580013257017247,0.162403711964829
"AMIHUD",-0.24901268323539,-0.258545694956922,-0.247805244236752,-0.244702793296499,0.0866051943821581,0.242494544270043
"LNDVOL",0.257808799032173,0.269116051709251,0.259508941123469,0.251616695449023,0.0901123613076808,0.252314611661506
"DVOLCHG",1.31876794435957,1.41810662537228,1.78831481084522,1.32406867359911,0.0508596498355325,0.142407019539491
"TURNCHG",1.18678164417929,1.26949701390045,1.59807529222869,1.15236190115246,0.0447618806147455,0.125333265721287
"CSSPREAD",-0.796693821111772,-0.768965621794689,-0.731214361424527,-0.869056592042855,0.066888562110047,0.187287973908132
"OVERNIGHT",0.057863136072939,0.0556501188573076,0.0524353743916915,0.0519626104248169,0.0641715093857004,0.179680226279961
"INTRADAY",0.565789874978114,0.619315554102391,0.759433576006433,0.546467625904,0.0585553462980042,0.163954969634412
"LIMITFREQ",-0.264392323737868,-0.275340691602837,-0.30135092817736,-0.247103971056784,0.0889156057125269,0.248963695995075
