"break_date","krx","ceiling_gap_diff","ceiling_gap_diff_t","ceiling_pre_n","ceiling_post_n","floor_gap_diff","floor_gap_diff_t","ceiling_cc1_diff","ceiling_cc1_diff_t"
"2025-01-02",FALSE,0.0852525782515055,0.188013490573222,177,3022,0.542213092188632,0.855972333072231,-0.279700552610815,-0.55343952145063
"2025-02-03",FALSE,0.0498090724493578,0.112724244765355,242,2957,0.183259388461059,0.363456438835634,-0.150914142243159,-0.311725700750103
"2025-03-03",FALSE,-0.429545582944357,-1.11776164449998,403,2796,0.413800234040521,0.910443573383412,-0.640354526950084,-1.36732048293977
"2025-04-01",FALSE,-0.356300779171272,-0.95657687994218,472,2727,0.697371376924589,1.66106474793948,-0.638172399159261,-1.38667707898383
"2025-05-05",TRUE,0.845439322118883,1.56680939402692,936,2263,-0.951493950881278,-3.17190629642466,1.17524779946555,1.32497956281206
"2025-06-02",FALSE,0.723235412097744,1.4225349012139,1075,2124,-0.919446554013894,-3.02884320938021,1.05931893165754,1.30776909865822
"2025-07-01",FALSE,0.655141904372836,1.3338262958237,1158,2041,-0.818565052120353,-2.59856604928534,0.972956073916654,1.25500432999576
"2025-08-01",FALSE,0.259016073932656,0.543336386642192,1393,1806,-0.80728002165582,-2.55030174383341,0.652941571417003,0.923921402285611
"2025-09-03",FALSE,0.0536501898803841,0.122687758464293,1665,1534,-0.83975823404025,-2.65419870806944,0.504895366060785,0.807988361017673
"2025-10-01",FALSE,0.0254345135522236,0.060299772399033,1782,1417,-0.853343326608724,-2.67803988243687,0.386099752336285,0.641963722665788
"2025-11-03",FALSE,-0.0762440549092465,-0.188321916710106,1937,1262,-0.959489182440274,-3.2453785048784,0.205882044033738,0.358255852068596
"2025-12-01",FALSE,-0.149419003486894,-0.387404730521909,2062,1137,-0.986649579508635,-3.29112311006535,0.161293991140865,0.295584661734111
"2026-01-05",FALSE,-0.218571821438725,-0.58896341784787,2208,991,-0.705996172973491,-2.31007012622826,0.105715887720498,0.202607006998256
"2026-02-02",FALSE,-0.312001772314717,-0.856836773535513,2376,823,-0.669938547515142,-2.16366135672814,0.0939091095002786,0.189376653238839
"2026-03-02",FALSE,-0.316233791518534,-0.865497520612075,2468,731,-0.664010565324451,-2.11102674165378,0.0837113594388967,0.1708001006542
"2026-04-01",FALSE,-0.448678775111865,-1.22116830130654,2663,536,-0.629401943709615,-1.41491285666937,-0.111977859608885,-0.238070034513438
