"s","model","mean_sharpe","mean_d_vs_EW","sd_d","pos_share","reject_5pct","reject_pos"
0,"ERC",0.289982549280363,-0.00182153829926024,0.0100095249861528,0.391666666666667,NA,0
1,"ERC",0.289606317070642,-0.00065902371262466,0.0109588712820882,0.466666666666667,NA,0
2,"ERC",0.289228882732566,0.000502288745656193,0.0154318326757479,0.533333333333333,NA,0
0,"EW",0.291804087579623,0,0,0,NA,0
1,"EW",0.290265340783266,0,0,0,NA,0
2,"EW",0.28872659398691,0,0,0,NA,0
0,"KIO_v1",0.252803418253879,-0.0390006693257444,0.138875211476759,0.375,NA,0
1,"KIO_v1",0.294741094309695,0.00447575352642883,0.137621572438028,0.516666666666667,NA,0
2,"KIO_v1",0.400402901490786,0.111676307503877,0.158099815555132,0.791666666666667,NA,0
0,"KMV",0.276577420298417,-0.0152266672812065,0.0746150588363843,0.391666666666667,NA,0
1,"KMV",0.339070764043952,0.0488054232606858,0.0875974354137943,0.75,NA,0
2,"KMV",0.550444953062687,0.261718359075778,0.13588015007663,0.991666666666667,NA,0
0,"MKT",0.279924358628887,-0.0118797289507361,0.0657095913410816,0.358333333333333,NA,0
1,"MKT",0.350395508516536,0.0601301677332696,0.0857916576970442,0.75,NA,0
2,"MKT",0.56706894175858,0.278342347771671,0.152298127893573,1,NA,NA
0,"TAN_LW",0.263017697037636,-0.0287863905419877,0.150910087984431,0.4,NA,0
1,"TAN_LW",0.3962093860296,0.105944045246333,0.156779059013343,0.783333333333333,NA,0
2,"TAN_LW",0.72168641189057,0.43295981790366,0.210799298946563,0.983333333333333,NA,0
