term,Estimate,Std. Error,t value,Pr(>|t|)
rel::-28:treated,-0.119873599298029,0.180576048080803,-0.663839975301648,0.509782767178036
rel::-27:treated,0.0646353491438536,0.161314421801627,0.400679297126562,0.690329918845463
rel::-26:treated,-0.180368361060347,0.164423378024918,-1.09697515783317,0.277804927949514
rel::-25:treated,-0.0180915845082478,0.1690552531147,-0.107015807997242,0.915196310423409
rel::-24:treated,-0.118369126704176,0.149195763385753,-0.793381286559235,0.431231520202035
rel::-23:treated,-0.0653861385684159,0.172279476559414,-0.37953527532263,0.705866230872902
rel::-22:treated,0.0100983207179383,0.145136189198594,0.0695782407799096,0.94480145994548
rel::-21:treated,0.0281067158069203,0.219643472172461,0.127965177061357,0.898679795686613
rel::-20:treated,-0.168241239864422,0.157586893750862,-1.06760934148753,0.29072443398597
rel::-19:treated,-0.0703447476277864,0.152952393547965,-0.459912695682836,0.647533628963539
rel::-17:treated,-0.13499038316795,0.155100257929118,-0.870342738112284,0.388191373771791
rel::-16:treated,-0.208713305052802,0.178803855576204,-1.1672751931451,0.248527940277699
rel::-15:treated,-0.112960220724897,0.193213828852534,-0.584638384300699,0.561368476783585
rel::-14:treated,-0.170052220639794,0.177394019238016,-0.958613043270804,0.342276332303563
rel::-13:treated,-0.0279152520796341,0.188692352394168,-0.147940558933309,0.882973042799199
rel::-12:treated,0.152898683180832,0.195637866453681,0.781539310116285,0.438098577483241
rel::-11:treated,0.0222028753553044,0.140846317449148,0.15763901930429,0.875363738513165
rel::-10:treated,-0.0372274732626239,0.183234986274746,-0.20316793216992,0.839812211447965
rel::-9:treated,0.033959212991016,0.168303138423063,0.201774092326507,0.840896017068493
rel::-8:treated,0.00697722598976661,0.16039860377685,0.0434992937935637,0.965473394511503
rel::-7:treated,-0.09803803116238,0.16967917175115,-0.577784710701922,0.565951886044307
rel::-6:treated,0.054107388654231,0.166259226643933,0.325439915404572,0.746179587485021
rel::-5:treated,-0.0686190057536587,0.170335029243563,-0.402847294877556,0.688744336946434
rel::-4:treated,0.0165279084550655,0.18925901175762,0.0873295717946182,0.930751542210145
rel::-3:treated,-0.0309097737651343,0.180335076159137,-0.171401894869625,0.864586042806973
rel::-2:treated,0.0324241325316685,0.160512391799982,0.20200392111827,0.840717288056335
rel::-1:treated,0.123419886962288,0.164221316933266,0.751546079809126,0.455778366659415
rel::0:treated,0.804576907761462,0.165311988659083,4.86702092381642,1.13335131022239e-05
rel::1:treated,0.225993970565346,0.163723133920604,1.38034232031583,0.173501831228238
rel::2:treated,-0.132172926736998,0.18065347311927,-0.731637894665527,0.467738282614845
rel::3:treated,-0.134372812496183,0.206544708214355,-0.650574946498893,0.518241217254106
