outcome,term,est,se,p,n
lamihud,treated:P1,-0.390519116989198,0.0977124326932135,7.77598728089405e-05,35752
lamihud,treated:P2,-0.88381408775986,0.123424487905047,4.45051312231559e-12,35752
lamihud,treated:P3,-1.11974181721718,0.177546401310624,8.24061241531866e-10,35752
lamihud,P1:near,-0.752648152368236,0.283540483682692,0.00829109266306292,35752
lamihud,P2:near,-1.24468412981968,0.480316421262299,0.00994262389488889,35752
lamihud,P3:near,-1.80454541232303,0.492473468762969,0.000284821537955177,35752
lval,treated:P1,0.670807290291502,0.107786207781131,1.33489998897904e-09,35752
lval,treated:P2,1.02452083715279,0.124834892735408,3.94098200427121e-15,35752
lval,treated:P3,1.18928735140274,0.167782268297801,7.06383853090808e-12,35752
lval,P1:near,1.13829859264047,0.311032803995428,0.000289700292471366,35752
lval,P2:near,1.56215615261638,0.476349402000324,0.00114020521275745,35752
lval,P3:near,1.80526562768169,0.546634454721974,0.00105291708820873,35752
cs,treated:P1,0.000922798307551368,0.000319311481189911,0.00408310623949499,35752
cs,treated:P2,0.000982345307291869,0.00034563786568089,0.0047331933573093,35752
cs,treated:P3,0.00129378946501006,0.0005146554460317,0.0123702528892749,35752
cs,P1:near,0.00209231289974086,0.000420685194269658,1.01378082512828e-06,35752
cs,P2:near,0.0027401110220598,0.000611435270166579,9.93636516345427e-06,35752
cs,P3:near,0.00133878953303092,0.00101309671472343,0.187168267075479,35752
