sample,outcome,term,est,se,p,n,r2w
All HOSE,lamihud,treated:P1,-0.390530435669362,0.0977110648768252,7.79063271993542e-05,35259,0.00945526241732697
All HOSE,lamihud,treated:P2,-0.883845726806725,0.123423947411542,4.54021996089192e-12,35259,0.00945526241732697
All HOSE,lamihud,treated:P3,-1.11971659572982,0.177546377168807,8.36169496430889e-10,35259,0.00945526241732697
All HOSE,lval,treated:P1,0.670823479949959,0.107785686776116,1.35111953120642e-09,35259,0.0164579969376781
All HOSE,lval,treated:P2,1.02453796051196,0.124834373957359,4.07809509969184e-15,35259,0.0164579969376781
All HOSE,lval,treated:P3,1.18928874690782,0.167781677886142,7.21230285707371e-12,35259,0.0164579969376781
All HOSE,cs,treated:P1,0.000922809564127075,0.000319307237075643,0.00408541562461825,35259,0.000742829429511427
All HOSE,cs,treated:P2,0.000982317106221472,0.000345636519124632,0.00473776197542993,35259,0.000742829429511427
All HOSE,cs,treated:P3,0.00129508139832368,0.000514647750104608,0.0122887057495999,35259,0.000742829429511427
Matched 3:1,lamihud,treated:P1,-0.387720843994532,0.133953218079364,0.0055769394285081,5146,0.0685126953161062
Matched 3:1,lamihud,treated:P2,-0.711821515323206,0.178576923176605,0.000214495230391026,5146,0.0685126953161062
Matched 3:1,lamihud,treated:P3,-0.978789658842586,0.233068829491216,0.000107352603799412,5146,0.0685126953161062
Matched 3:1,lval,treated:P1,0.543655131419684,0.162061505422154,0.00150597407813905,5146,0.106692375216237
Matched 3:1,lval,treated:P2,0.893437274661569,0.193237379739827,2.60795927250707e-05,5146,0.106692375216237
Matched 3:1,lval,treated:P3,1.15689373957622,0.234759648097173,9.18023331437995e-06,5146,0.106692375216237
Matched 3:1,cs,treated:P1,0.000456090326095709,0.000376408354786486,0.231215233754096,5146,0.00291918169888628
Matched 3:1,cs,treated:P2,0.000981487971331935,0.000430959756872062,0.0269839498635985,5146,0.00291918169888628
Matched 3:1,cs,treated:P3,0.00109166729473611,0.000582935227986879,0.0668464677880141,5146,0.00291918169888628
