model,term,est,se,p,n
abs_return,treated:P1,0.33319116525863,0.0576467228771499,1.60481840916805e-08,35752
abs_return,treated:P2,0.212212316421686,0.0560769304955757,0.000180108189675097,35752
abs_return,treated:P3,0.144995639156762,0.0861903428672092,0.0933712497953094,35752
abs_return,P1:near,0.444990341754833,0.0564854574643925,3.85854107397766e-14,35752
abs_return,P2:near,0.438915414768548,0.102657505502303,2.43734845582865e-05,35752
abs_return,P3:near,0.19574071336979,0.148227319621202,0.187480828372851,35752
cs_given_vol,labsret,0.000953340656379894,5.52828152698922e-05,3.62236642836553e-49,35752
cs_given_vol,treated:P1,0.000605153623363724,0.000282186867269663,0.0326515362995099,35752
cs_given_vol,treated:P2,0.000780034678262521,0.000315648270811343,0.0139212840647294,35752
cs_given_vol,treated:P3,0.00115555922720413,0.00048010674902098,0.0165854250638396,35752
cs_given_vol,P1:near,0.00166808551524959,0.000410755307638679,5.98256676687354e-05,35752
cs_given_vol,P2:near,0.0023216751124491,0.00052906793102254,1.49786591068843e-05,35752
cs_given_vol,P3:near,0.0011521819528667,0.00102186039025013,0.260257583076294,35752
amihud_given_vol,labsret,0.531159252267817,0.0208234084367491,4.02134346318358e-83,35752
amihud_given_vol,treated:P1,-0.567496687190214,0.101563739743647,4.51004162444555e-08,35752
amihud_given_vol,treated:P2,-0.996532623072424,0.121874118568258,4.87395891056139e-15,35752
amihud_given_vol,treated:P3,-1.19675759249379,0.163669693207448,1.67904082408011e-12,35752
amihud_given_vol,P1:near,-0.989008889561132,0.3028937083172,0.00119734002731957,35752
amihud_given_vol,P2:near,-1.47781811333696,0.491767829940312,0.00283828976281624,35752
amihud_given_vol,P3:near,-1.9085149032749,0.528664298893288,0.000348878057872414,35752
