date,treated,abn,se,n
2026-09-14,0,0.00237002100517777,0.105984561516888,28
2026-09-15,0,-0.195067272466963,0.126547835754068,28
2026-09-16,0,-0.374440969099431,0.10925666387664,28
2026-09-17,0,-0.096449370816811,0.10307303410894,28
2026-09-18,0,-0.1992515001536,0.120944884698577,28
2026-09-21,0,-0.254089566384482,0.118936369623166,28
2026-09-22,0,-0.301303342526618,0.140238660732641,28
2026-09-23,0,-0.221609889004086,0.134114063782969,28
2026-09-14,1,0.173510841778363,0.086461856794183,24
2026-09-15,1,-0.0713641339139774,0.120143554850544,24
2026-09-16,1,-0.187403924249642,0.140146275442752,24
2026-09-17,1,0.181583428463596,0.118661051682433,24
2026-09-18,1,0.75993831992598,0.124261220382447,24
2026-09-21,1,0.126517316498983,0.116843399397295,24
2026-09-22,1,-0.278863356945497,0.143942091960106,24
2026-09-23,1,-0.20136978918215,0.128942148826776,24
