outcome,term,est,se,p,group,relm
lamihud,relm::-13:treated,-0.15058795931455,0.146027240651865,0.303114875033359,included,-13
lamihud,relm::-12:treated,-0.130249662539984,0.142024220241144,0.359698565744466,included,-12
lamihud,relm::-11:treated,0.0120781747399814,0.170874815403402,0.943687690503254,included,-11
lamihud,relm::-10:treated,0.180477686780396,0.142435261091036,0.205932498945777,included,-10
lamihud,relm::-9:treated,0.0851578659536597,0.175144011729099,0.627105629104293,included,-9
lamihud,relm::-8:treated,0.173271387002835,0.138690048520706,0.212340360440739,included,-8
lamihud,relm::-7:treated,-0.00320727818763202,0.122927503173818,0.97919916522439,included,-7
lamihud,relm::-6:treated,0.242851825351524,0.14208175481836,0.0882564811587177,included,-6
lamihud,relm::-5:treated,-0.122196042579345,0.111205050799978,0.27256415723618,included,-5
lamihud,relm::-4:treated,-0.110329621742385,0.102595389836292,0.282912382577805,included,-4
lamihud,relm::-3:treated,0.327167740606666,0.102517895170858,0.00153900315483038,included,-3
lamihud,relm::-2:treated,0.224973708898651,0.0662173389061755,0.000754984885901763,included,-2
lamihud,relm::0:treated,-0.226735466451971,0.0633657694135479,0.000392639089593387,included,0
lamihud,relm::1:treated,-0.220370916848932,0.0983159443088734,0.0255969560083832,included,1
lamihud,relm::2:treated,-0.335479351903704,0.103333896586909,0.00127620875557603,included,2
lamihud,relm::3:treated,-0.354422239078863,0.0994010878026984,0.000411358109895439,included,3
lamihud,relm::4:treated,-0.344300463648231,0.105934960631713,0.00126080823009197,included,4
lamihud,relm::5:treated,-0.37074593990733,0.112731525833839,0.00110418137535633,included,5
lamihud,relm::6:treated,-0.610239085506338,0.112623997038535,1.0944000477663e-07,included,6
lamihud,relm::7:treated,-0.72902827337202,0.122394093268799,6.06846683066882e-09,included,7
lamihud,relm::8:treated,-0.838661114123596,0.124384161011287,6.10276010045167e-11,included,8
lamihud,relm::9:treated,-0.825039269211928,0.147418141716839,4.29972228966053e-08,included,9
lamihud,relm::10:treated,-1.10937685142916,0.15020282425116,1.03787663508335e-12,included,10
lamihud,relm::11:treated,-1.01536993135462,0.182143718739912,4.83254237589202e-08,included,11
lamihud,relm::-13:near,0.488677704351038,0.466847360839849,0.295902403644221,nearmiss,-13
lamihud,relm::-12:near,0.585401646311244,0.766336944165356,0.445422791953095,nearmiss,-12
lamihud,relm::-11:near,0.737219134077352,0.686252803860173,0.283412427374094,nearmiss,-11
lamihud,relm::-10:near,0.311388809409105,0.348109417925687,0.371636313951713,nearmiss,-10
lamihud,relm::-9:near,0.592005018478507,0.349156396412835,0.0908277640534606,nearmiss,-9
lamihud,relm::-8:near,0.328084516890939,0.138031189328934,0.0179743316562478,nearmiss,-8
lamihud,relm::-7:near,0.0134861308699862,0.268958204993637,0.960036573462308,nearmiss,-7
lamihud,relm::-6:near,0.431594324336621,0.325207105943024,0.185292987249836,nearmiss,-6
lamihud,relm::-5:near,-0.124884677601472,0.302672745686611,0.680137342500431,nearmiss,-5
lamihud,relm::-4:near,-0.136109822547439,0.242906097816975,0.575591811996817,nearmiss,-4
lamihud,relm::-3:near,-0.0341653949322378,0.131029238650204,0.794435170007431,nearmiss,-3
lamihud,relm::-2:near,0.0183282015459964,0.0860031966998615,0.831359595758166,nearmiss,-2
lamihud,relm::0:near,-0.341833448047719,0.198921744150381,0.0865658719735767,nearmiss,0
lamihud,relm::1:near,-0.383831953117316,0.188476443221985,0.0424216832559068,nearmiss,1
lamihud,relm::2:near,-0.333127072494323,0.23885756518695,0.163964086996957,nearmiss,2
lamihud,relm::3:near,-0.665149829366488,0.254387984402445,0.00930050793227486,nearmiss,3
lamihud,relm::4:near,-0.60586692355065,0.290074829613857,0.0374309708839416,nearmiss,4
lamihud,relm::5:near,-0.822693651023611,0.207965415130357,9.1610809941349e-05,nearmiss,5
lamihud,relm::6:near,-0.653137906164391,0.291515613639455,0.0256601519263152,nearmiss,6
lamihud,relm::7:near,-0.977393855455022,0.328792741778613,0.00314808761251461,nearmiss,7
lamihud,relm::8:near,-1.17236761083249,0.416946500586181,0.00519266856585362,nearmiss,8
lamihud,relm::9:near,-1.10038003186994,0.327344708211563,0.000857098314047611,nearmiss,9
lamihud,relm::10:near,-1.30518323475052,0.408542042627154,0.00152142450080765,nearmiss,10
lamihud,relm::11:near,-1.51302785071069,0.368710991581714,5.02178357865597e-05,nearmiss,11
lval,relm::-13:treated,-0.157821092697246,0.147702886508113,0.285999472934724,included,-13
lval,relm::-12:treated,-0.244445765571255,0.161702039782095,0.13147423271046,included,-12
lval,relm::-11:treated,-0.463876496913321,0.154675050098559,0.00289408557621159,included,-11
lval,relm::-10:treated,-0.777230729173236,0.136478391662777,2.54224097841975e-08,included,-10
lval,relm::-9:treated,-0.622211070630375,0.154629723561023,6.96207664412429e-05,included,-9
lval,relm::-8:treated,-0.775162663496877,0.132642042079301,1.13007602911306e-08,included,-8
lval,relm::-7:treated,-0.310855031734706,0.115742998376191,0.00756753686135315,included,-7
lval,relm::-6:treated,-0.103252357896851,0.124762142722501,0.408441412746758,included,-6
lval,relm::-5:treated,-0.153961203952012,0.12086446823492,0.203532974781286,included,-5
lval,relm::-4:treated,-0.265911714383672,0.0935577704161112,0.00473179226882185,included,-4
lval,relm::-3:treated,-0.216244975030932,0.0739218135356027,0.00365612704462911,included,-3
lval,relm::-2:treated,-0.0381302263353882,0.0592356812377708,0.520171842664083,included,-2
lval,relm::0:treated,0.420994566170578,0.0964839380013568,1.66925023608208e-05,included,0
lval,relm::1:treated,0.330554696243289,0.127791946617539,0.0100773203618361,included,1
lval,relm::2:treated,0.306605593143147,0.140938693571784,0.0302373054673193,included,2
lval,relm::3:treated,0.450328636983549,0.14031130173798,0.00144746598548346,included,3
lval,relm::4:treated,0.287373295675269,0.149488865346111,0.0553369208685857,included,4
lval,relm::5:treated,0.323676080737709,0.119032571666499,0.00685616561192808,included,5
lval,relm::6:treated,0.574761623722624,0.12905465913336,1.12391691420832e-05,included,6
lval,relm::7:treated,0.767143415713645,0.141624015788714,1.1035811817621e-07,included,7
lval,relm::8:treated,0.683791421694437,0.137490264784973,1.01477463957013e-06,included,8
lval,relm::9:treated,0.727245771879969,0.12503645935464,1.31573573611778e-08,included,9
lval,relm::10:treated,0.769038144108651,0.154647991416751,1.01747923186906e-06,included,10
lval,relm::11:treated,0.883905279374191,0.180039932312704,1.37958947273498e-06,included,11
lval,relm::-13:near,-0.163773097841885,0.435784741250376,0.707275051323536,nearmiss,-13
lval,relm::-12:near,-0.812176304705738,0.800717221455503,0.311106252030739,nearmiss,-12
lval,relm::-11:near,-1.05711988010395,0.776562094912444,0.174264404072417,nearmiss,-11
lval,relm::-10:near,-0.520964073501755,0.292413951085962,0.0756461909471326,nearmiss,-10
lval,relm::-9:near,-0.60995691452514,0.388705661264584,0.117467820358982,nearmiss,-9
lval,relm::-8:near,-0.475086137582837,0.290271197415101,0.102555577731266,nearmiss,-8
lval,relm::-7:near,-0.142634913042575,0.347983289289121,0.682127013858028,nearmiss,-7
lval,relm::-6:near,-0.0847211195742839,0.394160706933499,0.829933710592565,nearmiss,-6
lval,relm::-5:near,-0.089011036286697,0.362931322181454,0.806396154968255,nearmiss,-5
lval,relm::-4:near,0.0515484563266733,0.306335975693215,0.866460734236562,nearmiss,-4
lval,relm::-3:near,-0.0964879308963905,0.227312905684381,0.671471810070323,nearmiss,-3
lval,relm::-2:near,0.0210099094205199,0.12009043026641,0.86121534749255,nearmiss,-2
lval,relm::0:near,0.330480561500974,0.197076078253655,0.0944145355328696,nearmiss,0
lval,relm::1:near,0.278011676168866,0.217332501679072,0.201639346169456,nearmiss,1
lval,relm::2:near,0.775995220557954,0.374576724955362,0.0389992596433457,nearmiss,2
lval,relm::3:near,1.25305008365538,0.479298889394539,0.00931030470710611,nearmiss,3
lval,relm::4:near,1.10155340787773,0.442389069270763,0.0132181502898942,nearmiss,4
lval,relm::5:near,1.19499271203516,0.434332914222067,0.00623138044289323,nearmiss,5
lval,relm::6:near,0.995140467031408,0.323829785145737,0.00227817687394584,nearmiss,6
lval,relm::7:near,1.59579779434917,0.433160297853631,0.000264274656617288,nearmiss,7
lval,relm::8:near,1.21676149489915,0.451721877232279,0.00739457412028204,nearmiss,8
lval,relm::9:near,1.10276880148845,0.403332309410963,0.00655907945054657,nearmiss,9
lval,relm::10:near,1.40454688232438,0.430385853292488,0.00120451063737209,nearmiss,10
lval,relm::11:near,1.54717470742037,0.535811483184758,0.00411402269153129,nearmiss,11
