term,est,se
relm::-13:treated,-0.0159334531586954,0.221187197428207
relm::-12:treated,0.097754455042906,0.201997792337174
relm::-11:treated,0.000698026246979162,0.206864649797616
relm::-10:treated,0.160582981010833,0.182382201177254
relm::-9:treated,0.136478040742611,0.203494705547927
relm::-8:treated,0.202735324088481,0.158959076500138
relm::-7:treated,0.0517711493288898,0.140326180781447
relm::-6:treated,0.0289876054170186,0.163543685178871
relm::-5:treated,0.0294647140563863,0.151919219062512
relm::-4:treated,0.0415872698981736,0.131488719594507
relm::-3:treated,0.374425289980892,0.131184437359936
relm::-2:treated,0.10851651411182,0.101432281809692
relm::0:treated,-0.117851967030607,0.0876048697683823
relm::1:treated,-0.274429251260048,0.114234578987175
relm::2:treated,-0.318994157187676,0.131957164405009
relm::3:treated,-0.340888462340514,0.137256024824178
relm::4:treated,-0.195372290354937,0.150272052773542
relm::5:treated,-0.331064329647786,0.135672632805804
relm::6:treated,-0.515255928346243,0.138085692681214
relm::7:treated,-0.534972414083329,0.154731522781854
relm::8:treated,-0.637855799767235,0.174040723186874
relm::9:treated,-0.728785421014266,0.188003844005821
relm::10:treated,-0.922895914868169,0.178755115779843
relm::11:treated,-0.805631291439384,0.212896571165129
