label	status	year	authors	title	journal	vol	issue	pages	doi
Harris & Gurel 1986	VERIFIED	1986	HARRIS; GUREL	Price and Volume Effects Associated with Changes in the S&amp;P 500 List: New Evidence for the Existence of Price Pressures	The Journal of Finance	41	4	815-829	10.1111/j.1540-6261.1986.tb04550.x
Shleifer 1986	VERIFIED	1986	SHLEIFER	Do Demand Curves for Stocks Slope Down?	The Journal of Finance	41	3	579-590	10.1111/j.1540-6261.1986.tb04518.x
Hegde & McDermott 2003	VERIFIED	2003	Massa; Simonov	Reputation and interdealer trading: a microstructure analysis of the Treasury Bond market	Journal of Financial Markets	6	2	99-141	10.1016/S1386-4181(02)00045-9
Chen Noronha Singal 2004	VERIFIED	2004	Chen; Noronha; Singal	The Price Response to S&amp;P 500 Index Additions and Deletions: Evidence of Asymmetry and a New Explanation	The Journal of Finance	59	4	1901-1930	10.1111/j.1540-6261.2004.00683.x
Becker-Blease & Paul 2006	VERIFIED	2006	Ursel	Rights Offerings and Corporate Financial Condition	Financial Management	35	1	31-52	10.1111/j.1755-053X.2006.tb00130.x
Corwin & Schultz 2012	VERIFIED	2012	CORWIN; SCHULTZ	A Simple Way to Estimate Bid‐Ask Spreads from Daily High and Low Prices	The Journal of Finance	67	2	719-760	10.1111/j.1540-6261.2012.01729.x
Amihud 2002	VERIFIED	2002	Amihud	Illiquidity and stock returns: cross-section and time-series effects	Journal of Financial Markets	5	1	31-56	10.1016/S1386-4181(01)00024-6
Raddatz Schmukler Williams 2017	VERIFIED	2017	Ben Zeev; Pappa; Vicondoa	Emerging economies business cycles: The role of commodity terms of trade news	Journal of International Economics	108		368-376	10.1016/j.jinteco.2017.07.008
Roth et al 2023	VERIFIED	2023	Roth; Sant’Anna; Bilinski; Poe	What’s trending in difference-in-differences? A synthesis of the recent econometrics literature	Journal of Econometrics	235	2	2218-2244	10.1016/j.jeconom.2023.03.008
Ho Imai King Stuart 2007	VERIFIED	2007	Ho; Imai; King; Stuart	Matching as Nonparametric Preprocessing for Reducing Model Dependence in Parametric Causal Inference	Political Analysis	15	3	199-236	10.1093/pan/mpl013
Bekaert Harvey Lundblad 2007	VERIFIED	2007	Bekaert; Harvey; Lundblad	Liquidity and Expected Returns: Lessons from Emerging Markets	Review of Financial Studies	20	6	1783-1831	10.1093/rfs/hhm030
Hau Massa Peress 2010	VERIFIED	2010	Giat; Hackman; Subramanian	Investment under Uncertainty, Heterogeneous Beliefs, and Agency Conflicts	Review of Financial Studies	23	4	1360-1404	10.1093/rfs/hhp096
Chordia Roll Subrahmanyam 2000	VERIFIED	2000	Chordia; Roll; Subrahmanyam	Commonality in liquidity	Journal of Financial Economics	56	1	3-28	10.1016/S0304-405X(99)00057-4
Dong et al 2023	VERIFIED	2023	Dong; Zheng; Jia; Zhang	Impact of capital market internationalization on stock markets: Evidence from the inclusion of China A-shares in the MSCI Emerging Markets Index	Research in International Business and Finance	66		101989	10.1016/j.ribaf.2023.101989
Biktimirov & Afego 2026	VERIFIED	2026	Biktimirov; Afego	Is there an index effect in frontier markets?	International Review of Economics &amp; Finance	110		105562	10.1016/j.iref.2026.105562
Kang & Zhang 2014	VERIFIED	2014	Kang; Zhang	Measuring liquidity in emerging markets	Pacific-Basin Finance Journal	27		49-71	10.1016/j.pacfin.2014.02.001
Callaway & Sant'Anna 2021	VERIFIED	2021	Callaway; Sant’Anna	Difference-in-Differences with multiple time periods	Journal of Econometrics	225	2	200-230	10.1016/j.jeconom.2020.12.001
Nguyen Hai Nguyen 2021	VERIFIED	2021	Nguyen; Hai; Nguyen	Stock market returns and liquidity during the COVID-19 outbreak: evidence from the financial services sector in Vietnam	Asian Journal of Economics and Banking	5	3	324-342	10.1108/AJEB-06-2021-0070
